Hokkaido,Aomori,Iwate,Miyagi,Akita,Yamagata,Fukushima,Ibaraki,Tochigi,Gunma,Saitama,Chiba,Tokyo,Kanagawa,Niigata,Toyama,Ishikawa,Fukui,Yamanashi,Nagano,Gifu,Shizuoka,Aichi,Mie,Shiga,Kyoto,Osaka,Hyogo,Nara,Wakayama,Tottori,Shimane,Okayama,Hiroshima,Yamaguchi,Tokushima,Kagawa,Ehime,Kochi,Fukuoka,Saga,Nagasaki,Kumamoto,Oita,Miyazaki,Kagoshima,Okinawa
8.0,8.4,9.8,8.6,8.7,8.9,9.7,9.3,8.6,7.8,8.5,9.1,10.9,8.4,9.1,7.3,7.6,7.9,9.0,9.1,8.1,8.7,7.5,8.5,8.4,7.1,7.8,8.3,9.1,8.3,8.4,9.3,8.8,8.5,9.0,8.3,8.5,8.6,9.1,8.3,9.2,9.0,8.6,8.3,9.7,9.1,8.5
8.0,8.5,9.5,8.6,8.7,8.7,9.7,9.3,8.7,7.8,8.5,9.3,10.5,8.5,8.9,7.2,7.6,7.4,9.3,9.1,8.0,8.7,7.5,8.3,8.3,7.1,7.7,8.3,9.1,8.3,9.0,9.1,8.8,8.2,9.0,8.4,8.5,8.6,9.1,8.3,9.6,9.1,8.5,8.4,9.7,9.1,8.6
8.3,8.7,9.7,8.9,8.9,8.9,10.1,9.6,9.0,8.1,8.9,9.4,10.4,8.9,9.2,7.7,7.9,7.7,9.9,8.3,8.4,9.1,7.7,8.6,8.6,7.4,7.8,8.6,9.1,8.5,9.1,9.3,9.1,8.7,9.4,8.8,9.1,8.8,9.4,8.9,9.7,9.4,8.9,8.7,9.7,9.3,8.8
8.6,9.5,10.0,9.3,9.4,9.4,10.8,10.1,8.9,8.4,9.3,10.0,11.5,9.3,9.8,8.3,8.2,8.1,10.2,9.7,8.9,9.6,8.1,9.0,9.0,7.8,8.5,9.0,9.6,8.7,9.3,9.6,9.3,9.1,9.7,9.1,9.5,9.4,9.5,9.2,10.2,9.8,9.2,9.1,10.1,9.5,9.0
9.4,10.0,10.5,10.0,9.9,9.8,11.5,10.5,9.4,9.2,10.1,10.8,14.3,10.4,10.0,8.5,8.6,8.4,10.6,10.2,9.2,10.1,8.4,9.6,9.4,8.2,10.0,9.5,10.5,9.0,9.6,9.9,9.5,9.6,10.1,9.6,10.0,10.0,10.1,9.5,10.7,10.2,9.7,9.4,10.6,9.8,9.4
9.479999999999999,10.28,10.47,10.13,10.05,9.890000000000002,11.77,10.720000000000002,9.459999999999999,9.28,10.26,10.95,13.86,10.539999999999997,10.21,8.85,8.76,8.41,11.03,10.12,9.45,10.350000000000001,8.559999999999999,9.67,9.55,8.39,9.92,9.67,10.47,9.099999999999998,9.89,9.95,9.67,9.75,10.309999999999999,9.829999999999998,10.32,10.16,10.16,9.829999999999998,10.959999999999999,10.43,9.85,9.649999999999999,10.620000000000001,9.899999999999999,9.520000000000003
